Mortis, 講一下今天的感言.jpg
Mortis：幹嘛？ .jpg
Nyamu哭表情.jpg
不是獲得空前成功嗎.png
不然你乾脆退出算了.jpg
不用擔心,月光會將她喚醒.jpg
不要!.jpg
不要再看了.jpg
不要怕成這樣嘛.jpg
不選今天要選什麼時候.png
不需要跟我客氣, 好嗎.png
世間可是很殘酷的.jpg
之前明明就不肯和我組樂團.png
什麼意思_.jpg
什麼意思？.jpg
你看, 通知一直響個不停喔.png
來加個好友嘛.jpg
先不要告訴任何人.jpg
初華就只會騙人.jpg
別再撒嬌了.jpg
別說了！.jpg
別說這種莫名其妙的話.jpg
到底要我說幾次妳才懂.jpg
叫我嗎.jpg
可以也和我重修舊好嗎.jpg
哪可能不被她知道啊.png
因為再也沒有這種機會了嘛.png
因為妳讓人無法信任.jpg
因為我的臉蛋也很漂亮.png
在睡覺的呢？.jpg
大家都在啊.jpg
好了, 振作一點.jpg
好厲害喔.jpg
好好說明這是怎麼回事.jpg
好氣喔.png
好討厭我自己.jpg
妳一定是會被慫恿買水晶的那種人吧.jpg
妳不懂觀眾要的是什麼啊.jpg
妳不要跑進來插嘴.jpg
妳也都不醒來,害我急死了.jpg
妳全部聽見了吧.jpg
妳冷靜一點.jpg
妳到底在說什麼啊_.jpg
妳怕會有人爆料嗎.jpg
妳是我唯一找到的人.png
妳現在是認真的嗎.jpg
妳真的什麼都不打算問嗎.jpg
妳睡著了嗎.jpg
妳覺得幸福是甚麼.jpg
妳講話很大聲耶.jpg
害大家的氣氛變得越來越糟.jpg
對不起瞞著妳.png
對健康不好喔.jpg
對健康不好喔2.jpg
對健康不好喔3.jpg
就是不趁現在改會來不及我才講的吧.jpg
就是這裡嗎.jpg
就算看不到我也不想偷工減料啦.jpg
工作的電話？.jpg
已經不會有事了.jpg
幹嘛.jpg
忘記所有一切.jpg
怎麼會。。。.jpg
應該問問本人的意見.jpg
我不懂妳想說甚麼.jpg
我不是說過了嗎.jpg
我不是都說別這樣了嗎.jpg
我不都說不行了嗎？.jpg
我們先走了.jpg
我明明陪她過了三天三夜.jpg
我會一直陪著妳.png
我會替妳擋下所有可帶的東西.jpg
我沒興趣.jpg
我的話說完了.jpg
我的話還沒有說完.jpg
我的話還沒說完.png
我看我還是消失比較好.jpg
我知道了, 可以啊.jpg
我認為沒有人比妳更適合了.jpg
我邀請過她,但被拒絕了.jpg
我都不知道耶.png
所以我討厭你.jpg
拿到門票了, 真是奇蹟.jpg
掛斷了.png
收入實在太少了.jpg
放心吧.jpg
文件名列表.CSV
早安.jpg
昨天還很喜歡, 今天就膩了.jpg
有哪裡不行_.jpg
未免也太扯了吧.jpg
根本沒有理由反對吧.png
沒有這回是吧.jpg
為什麼...我每次都會搞砸.jpg
為什麼不開口說妳不願意？.jpg
為什麼做出那種膚淺的行為.png
為什麼會變成這樣.jpg
為什麼話題會變成這樣_.jpg
爽世驚嚇.jpg
現在還來的及過去.jpg
當然不會有問題.jpg
真是無趣的劇本.jpg
真是的.png
真的嗎(saki).jpg
真的嗎？裡帳也沒有？.jpg
睦：噓.jpg
祝夜晚愉快.jpg
祥子震驚2.jpg
立希：蛤？.jpg
等一下等一下.jpg
結果這邊到處都是天才.jpg
繼續拖拉下去觀眾也許會先厭倦喔.jpg
自己好沒用.jpg
表情太僵硬嘍.jpg
要借數學嗎.jpg
見了她只會讓妳傷心,讓妳受傷而已.jpg
記得強調是史上最快喔.jpg
話說為什麼要選這裡_.jpg
走開.jpg
趁現在先習慣一下比較好喔.jpg
這一點也不算是負擔喔.jpg
這件事只能拜託妳了.jpg
這到底是怎麼回事.jpg
這樣會睡眠不足的.jpg
這樣誰受得了啊.jpg
這種事根本就不用考慮.jpg
那真是太好了.jpg
難保不會有誰在偷看.jpg
需不需要我把她叫醒.jpg
